type,Hash
sha256,7ca8b89b5fdd03addcf611fb3ec664b9e44670e6a0663fd8db7043523148fdd0
sha1,102f42b6f3ce9229fb198937d93a33ade38e468e
md5,41d1fa4db26188d9a447c5953f37844a
sha1,56e74820dab7644a0484c85540553e6e6229956f
md5,2fca28a13077a0c55744580f26c65132
sha256,1ccde5057994934ccf53e2876fd1a19ed7ae423d83d2c9cfde0bf4b0d48171aa
sha1,57644cd7da164e639f813cf83458237810aab7c4
md5,d47238006c5fd51a0150fd6cae3770ab
sha256,47db0007e841a6488c50c3214b3decdd2c405600f215441d335607724e713b70
sha1,c59779bd40ddfd32a71e3f39bd9e71edd14422ac
md5,14070487b89ddaa10c52deb1c35a2d2a
sha256,cad3f3d80c07015925bc8f82cceded126038ab5d3d07b3b0c443e15939796866
sha1,a7021fcec7df6759f27c6539a953de701f2717a7
md5,0da940e36a11bdbd2ab30067408c0796
sha256,300fe97673668d2051ade53fb08ce730518f06fc50391d53b2ca4e9f5297075d
sha1,7e0adb124c1cc4446d71f8f160a1fdf169454e90
md5,8b00b918c9a7689a4e3ff12be92b6a9e
sha256,5cca5acac331e08f1bf033d6360be4385c9f2d455ff17fb8f6ebdd319b86fdd1
sha1,85598f8d4999beee84aab1103bce2b70083e83f5
md5,cfd22340e197fe2fbd932fad094c70fa
sha256,8ceeb5fbd124d8f80750c042e941c24d122a72f0620739ab4eeea38702116004
sha1,5bf08a01bc41f98ff33a917655271da898e0e57f
md5,56d6c5bd82aff0b9cf427ea9873937ac
sha256,03329faa6938dc3beca088aa71c0c2e07b48552e8d288be6e325ca3503a8b743
sha1,2e9e740b01a54c5f64b359169c8bd0a448e9a09b
md5,b70fc10bf1ff3965f8c3e6b9548714bc
sha256,fd4ceed043f3002cc082e2b3b718e2a69a835047eb698c7d58d6395373a9442f
sha1,578825acaccac2056ed019adf8c3152b1c6a38ef
md5,d1cf407db9eaa6b585d184a2a4c67e9e
sha256,48451da5f7eea24aa3bd92cf1e577074f452f11d95cd045824318ec5472d7ecf
sha256,ccbcd540c6bfe3677dc51589c98463cdc5d880bb31a8abbb554df24179c0cc45
sha256,e6dc8515922c3e0e7f09bef60d82723e882349ca9539eb68f699958fda0faddb
sha256,dea04203d189d73d6f32f9f1b7e4da2718f5ed8bd1c16c9e93d4b20d108a547d
